Armour Square,South
Bridgeport,South
Douglas,South
Englewood,South
Fuller Park,South
Grand Boulevard,South
Greater Grand Crossing,South
Hyde Park,South
Kenwood,South
Oakland,South
South Shore,South
Washington Park,South
Woodlawn,South
Archer Heights,South
Brighton Park,South
Chicago Lawn,South
Clearing,South
Gage Park,South
Garfield Ridge,South
McKinley Park,South
New City,South
West Elsdon,South
West Englewood,South
West Lawn,South
Ashburn,South
Auburn Gresham,South
Beverly,South
Morgan Park,South
Mount Greenwood,South
Washington Heights,South
Avalon Park,South
Burnside,South
Calumet Heights,South
Chatham,South
East Side,South
Hegewisch,South
Pullman,South
Riverdale,South
Roseland,South
South Chicago,South
South Deering,South
West Pullman,South